Nom,Prenom,Site,Fonction,Service,Login,Mail,No Telephone,No Fax,Portable,Mot de passe Initial
Bastardie,Alain,Lille,Formateur,Formation,ABastardie,ABastardie@aston.fr,0145874596,0145874520,0632558712,Pa$$w0rd28
Combes,Corinne,Lille,Directice,Direction,CCombes,CCombes@aston.fr,0145874597,0145874521,0632558713,Pa$$w0rd29
Richard,Anthony,Lille,Responsable SI,DSI,ARichard,ARichard@aston.fr,0145877070,0145874521,0632558700,Pa$$w0rd45
Pertuis,Laurence,Lille,RH,Ressources Humaines,LPertuis,LPertuis@aston.fr,0145874598,0145874522,0632558714,Pa$$w0rd30
Langlais,Sophie,Lille,Commercial,Commercial,SLanglais,SLanglais@aston.fr,0145874599,0145874523,0632558715,Pa$$w0rd31
Cover,Harry,Lille,Developpeur,Developpemment,HCover,HCover@aston.fr,0145874600,0145874524,0632558716,Pa$$w0rd32
Mennell,Jon,Lille,Formateur,Formation,JMennell,JMennell@aston.fr,0145874601,0145874525,0632558717,Pa$$w0rd33
Benmouffok,Mourad,Lille,Responsable Technique Bagneux,DSI,MBenmouffok,MBenmouffok@aston.fr,0145874602,0145874526,0632558718,Pa$$w0rd34
Themee,Jerome,Lille,Formateur,Formation,JThemee,JThemee@aston.fr,0145874603,0145874527,0632558719,Pa$$w0rd35
Roverselli,Gino,Lille,Formateur,Formation,GRoverselli,GRoverselli@aston.fr,0145874604,0145874528,0632558720,Pa$$w0rd36
Dijoux,Charles-Henri,Lille,Responsable Technique Boulogne,DSI,CDijoux,CDijoux@aston.fr,0145874605,0145874529,0632558721,Pa$$w0rd37
Bianchet,Marion,Lille,Commercial,Commercial,MBianchet,MBianchet@aston.fr,0145874606,0145874530,0632558722,Pa$$w0rd38
Erny,Stephane,Lille,Responsable Pédagogique,Formation,SErny,SErny@aston.fr,0145874607,0145874531,0632558723,Pa$$w0rd39
Goncalves,Joel,Lille,Responsable Administratif,Administratif,JGoncalves,JGoncalves@aston.fr,0145874608,0145874532,0632558724,Pa$$w0rd40
Jawor,Alexandre,Lille,Formateur,Formation,AJawor,AJawor@aston.fr,0145874609,0145874533,0632558725,Pa$$w0rd41
Robin,Christelle,Lille,Responsable Administratif,Administratif,CRobin,CRobin@aston.fr,0145874610,0145874534,0632558726,Pa$$w0rd42
Castellucci,Jean-François,Boulogne,Directeur,Direction,JCastellucci,JCastellucci@aston.fr,0145874611,0145874535,0632558727,Pa$$w0rd43
Dubois,Georges,Boulogne,Commercial,Commercial,GDubois,GDubois@aston.fr,0145874612,0145874536,0632558728,Pa$$w0rd44
Carrara,Serge,Boulogne,Commercial,Commercial,SCarrara,SCarrara@aston.fr,0145874613,0145874537,0632558729,Pa$$w0rd45
Tran,Albert,Boulogne,Commercial,Commercial,ATran,ATran@aston.fr,0145874614,0145874538,0632558730,Pa$$w0rd46
Bourhaleb,Samir,Lille,Commercial,Commercial,SBourhaleb,SBourhaleb@aston.fr,0145874615,0145874539,0632558731,Pa$$w0rd47
Matti,Nicolas,Lille,Commercial,Commercial,NMatti,NMatti@aston.fr,0145874616,0145874540,0632558732,Pa$$w0rd48
Babo,Nadir,Boulogne,Developpeur PHP,Developpemment,NBabo,NBabo@aston.fr,0145874617,0145874541,0632558733,Pa$$w0rd49
Bidouj,Christophe,Boulogne,Developpeur PHP,Developpemment,CBidouj,CBidouj@aston.fr,0145874618,0145874542,0632558734,Pa$$w0rd50
Cisse,Rouguiatou,Boulogne,Developpeur PHP,Developpemment,RCisse,RCisse@aston.fr,0145874619,0145874543,0632558735,Pa$$w0rd51
Fakherddine,Layal,Boulogne,Developpeur PHP,Developpemment,LFakherddine,LFakherddine@aston.fr,0145874620,0145874544,0632558736,Pa$$w0rd52
Fontaine,Francois,Boulogne,Developpeur PHP,Developpemment,FFontaine,FFontaine@aston.fr,0145874621,0145874545,0632558737,Pa$$w0rd53
Gomes,Michael,Boulogne,Developpeur PHP,Developpemment,MGomes,MGomes@aston.fr,0145874622,0145874546,0632558738,Pa$$w0rd54
Kaliamoorthi,Kalaiselvi,Boulogne,Developpeur PHP,Developpemment,KKaliamoorthi,KKaliamoorthi@aston.fr,0145874623,0145874547,0632558739,Pa$$w0rd55
Legrand,Charles Antoine,Boulogne,Developpeur PHP,Developpemment,CLegrand,CLegrand@aston.fr,0145874624,0145874548,0632558740,Pa$$w0rd56
Guillou,Thomas,Boulogne,Developpeur PHP,Developpemment,TGuillou,TGuillou@aston.fr,0145874625,0145874549,0632558741,Pa$$w0rd57
Mazarin,Matthias,Boulogne,Developpeur PHP,Developpemment,MMazarin,MMazarin@aston.fr,0145874626,0145874550,0632558742,Pa$$w0rd58
Nodanche,Jessica,Boulogne,Developpeur PHP,Developpemment,JNodanche,JNodanche@aston.fr,0145874627,0145874551,0632558743,Pa$$w0rd59
Renault,Christophe,Boulogne,Developpeur PHP,Developpemment,CRenault,CRenault@aston.fr,0145874628,0145874552,0632558744,Pa$$w0rd60
Rocheman,Alice,Boulogne,Developpeur PHP,Developpemment,ARocheman,ARocheman@aston.fr,0145874629,0145874553,0632558745,Pa$$w0rd61
Tadjiddine,Said,Boulogne,Developpeur PHP,Developpemment,STadjiddine,STadjiddine@aston.fr,0145874630,0145874554,0632558746,Pa$$w0rd62
